{"cameraMode":{"drawMode":0,"name":"Shaded","section":"Shading Mode"},"sceneLighting":true,"audioPlay":false,"sceneViewState":{"showFog":true,"showMaterialUpdate":false,"showSkybox":true,"showFlares":true,"showImageEffects":true,"showParticleSystems":true},"in2DMode":false,"pivot":{"x":-25.943603515625,"y":3.9700467586517336,"z":37.54145050048828},"rotation":{"x":-0.03643675521016121,"y":-0.19921012222766877,"z":-0.007407494354993105,"w":0.9792646765708923},"size":44.648048400878909,"orthographic":false}