{"cameraMode":{"drawMode":0,"name":"Shaded","section":"Shading Mode"},"sceneLighting":true,"audioPlay":false,"sceneViewState":{"showFog":true,"showMaterialUpdate":false,"showSkybox":true,"showFlares":true,"showImageEffects":true,"showParticleSystems":true},"in2DMode":false,"pivot":{"x":-0.6153742074966431,"y":-2.663956642150879,"z":-0.5415563583374023},"rotation":{"x":0.061252661049366,"y":-0.08225107192993164,"z":0.005065048113465309,"w":0.9947198629379273},"size":11.249465942382813,"orthographic":false}