{"cameraMode":{"drawMode":0,"name":"Shaded","section":"Shading Mode"},"sceneLighting":true,"audioPlay":false,"sceneViewState":{"showFog":true,"showMaterialUpdate":false,"showSkybox":true,"showFlares":true,"showImageEffects":true,"showParticleSystems":true},"in2DMode":false,"pivot":{"x":0.09885013103485108,"y":-0.2393818497657776,"z":-0.5401229858398438},"rotation":{"x":0.04039708152413368,"y":-0.06739376485347748,"z":0.002731140237301588,"w":0.996909499168396},"size":5.194331645965576,"orthographic":false}